snake	race	1
snake	air	2
snake	river	2
snake	find	1
snake	deeper	1
snake	jungl	3
snake	soul	2
snake	tree	2
snake	elijah	1
snake	team	2
snake	reclaim	2
snake	begun	2
snake	templ	1
snake	gold	2
snake	flood	2
snake	part	2
snake	golden	2
snake	wall	2
snake	citi	2
snake	began	2
snake	vast	1
snake	heart	1
snake	beauti	1
snake	silent	1
snake	vine	4
snake	eerili	1
snake	truth	1
snake	chao	1
snake	ventur	1
snake	crack	2
snake	roam	2
snake	street	4
snake	rise	2
snake	uproot	2
snake	live	4
snake	aurelia	1
snake	twist	2
snake	close	1
snake	terribl	1
snake	realiz	1
snake	root	2
fill	made	1
fill	treasur	2
fill	warrior	1
fill	statu	1
fill	glitter	1
fill	artifact	2
fill	wildest	2
fill	overflow	2
fill	emerald	1
fill	guard	1
fill	chamber	2
fill	found	2
fill	chest	2
fill	crown	2
fill	jewel	2
fill	entranc	1
fill	insid	2
fill	dreamsgolden	2
fill	massiv	1
fill	eye	1
echo	beneath	1
echo	deep	2
echo	elijah	2
echo	rumbl	2
echo	groan	1
echo	templ	2
echo	touch	2
echo	wall	1
echo	citi	1
echo	began	1
echo	shake	1
echo	awoken	1
echo	feet	1
echo	crown	2
echo	long	1
echo	ground	1
echo	slumber	1
echo	reach	2
beneath	race	1
beneath	deep	1
beneath	water	1
beneath	find	1
beneath	jungl	2
beneath	lost	2
beneath	cri	1
beneath	treasur	1
beneath	elijah	3
beneath	rumbl	1
beneath	explor	1
beneath	disappear	2
beneath	team	2
beneath	fix	2
beneath	groan	2
beneath	spire	2
beneath	templ	1
beneath	touch	1
beneath	group	1
beneath	flood	2
beneath	swallow	1
beneath	golden	2
beneath	wall	2
beneath	citi	3
beneath	began	2
beneath	roar	1
beneath	shake	2
beneath	dare	1
beneath	awoken	2
beneath	feet	2
beneath	found	1
beneath	crown	1
beneath	wait	1
beneath	long	2
beneath	rise	1
beneath	ground	2
beneath	seek	1
beneath	slumber	2
beneath	aurelia	1
beneath	reach	1
beneath	close	1
beneath	eye	2
beneath	fall	2
place	whisper	1
place	river	1
place	danger	2
place	elijah	2
place	fear	2
place	pass	1
place	team	1
place	mention	1
place	local	1
place	stori	1
place	entiti	2
place	unlik	1
place	hidden	2
place	spoke	2
place	suffoc	1
place	remain	2
place	map	1
place	ancient	1
place	want	2
place	warn	2
place	incred	2
place	citi	2
place	legend	1
place	allow	1
place	heat	1
place	stumbl	1
place	beauti	2
place	found	1
place	rever	2
place	centuri	2
place	travel	1
place	truth	1
place	gruel	1
place	day	1
place	chao	1
place	fail	1
place	tribe	2
place	week	1
place	hack	1
place	goldit	2
place	live	2
place	aurelia	4
place	terribl	3
place	guid	1
place	realiz	1
race	air	1
race	river	1
race	find	2
race	jungl	2
race	tree	1
race	team	2
race	groan	1
race	gold	1
race	flood	1
race	wall	1
race	citi	1
race	began	2
race	shake	1
race	awoken	1
race	feet	1
race	vine	1
race	street	1
race	long	1
race	rise	1
race	ground	1
race	uproot	1
race	slumber	1
race	live	1
race	twist	1
race	close	2
whisper	jungl	1
whisper	creatur	1
whisper	danger	1
whisper	impenetr	1
whisper	fear	1
whisper	pass	2
whisper	thicket	1
whisper	local	2
whisper	stori	2
whisper	spoke	1
whisper	suffoc	2
whisper	map	2
whisper	ancient	2
whisper	warn	1
whisper	incred	1
whisper	venom	1
whisper	heat	2
whisper	storm	1
whisper	beauti	1
whisper	rever	1
whisper	day	2
whisper	tribe	2
whisper	dens	1
whisper	teem	1
whisper	hack	2
whisper	violent	1
whisper	aurelia	1
whisper	terribl	1
whisper	guid	2
air	river	2
air	find	1
air	jungl	1
air	tree	2
air	elijah	1
air	team	1
air	gold	2
air	flood	2
air	began	2
air	vine	2
air	truth	1
air	chao	1
air	street	2
air	rise	2
air	uproot	2
air	live	2
air	twist	2
air	close	1
air	terribl	1
air	realiz	1
deep	jungl	1
deep	lay	1
deep	lost	1
deep	treasur	1
deep	elijah	2
deep	rumbl	2
deep	groan	1
deep	hidden	1
deep	templ	2
deep	myth	1
deep	touch	2
deep	thought	1
deep	america	1
deep	gold	1
deep	unchart	1
deep	emerald	1
deep	wall	1
deep	citi	2
deep	began	1
deep	imagin	1
deep	shake	1
deep	awoken	1
deep	feet	1
deep	crown	2
deep	long	2
deep	south	1
deep	ago	1
deep	ground	1
deep	slumber	1
deep	aurelia	1
deep	reach	2
symbol	pure	2
symbol	statu	1
symbol	intric	2
symbol	longforgotten	1
symbol	forgotten	2
symbol	scene	2
symbol	carv	2
symbol	gold	2
symbol	god	1
symbol	civil	2
symbol	wall	1
symbol	citi	1
symbol	legend	1
symbol	build	2
symbol	preciou	1
symbol	guard	1
symbol	gem	1
symbol	adorn	1
symbol	promis	1
symbol	stood	1
symbol	corner	1
symbol	craft	2
river	water	2
river	surfac	1
river	find	1
river	jungl	1
river	danger	1
river	tree	2
river	elijah	3
river	fear	1
river	breath	2
river	team	5
river	unlik	2
river	shimmer	2
river	spoke	1
river	spire	1
river	final	2
river	gold	3
river	strang	2
river	flood	2
river	golden	2
river	warn	1
river	incred	1
river	began	2
river	gleam	1
river	stumbl	2
river	beauti	1
river	rose	1
river	vine	2
river	rever	1
river	upstream	2
river	infus	2
river	tower	1
river	travel	2
river	truth	1
river	gruel	2
river	sight	2
river	chao	1
river	fleck	2
river	mist	1
river	tribe	1
river	week	2
river	street	2
river	metal	2
river	sky	1
river	foliag	1
river	rise	2
river	tini	2
river	hue	2
river	uproot	2
river	live	2
river	aurelia	1
river	twist	2
river	close	1
river	terribl	2
river	realiz	1
water	jungl	2
water	lost	2
water	cri	2
water	elijah	3
water	disappear	1
water	breath	1
water	team	4
water	mention	1
water	unlik	1
water	shimmer	2
water	fix	1
water	spire	1
water	final	1
water	strang	2
water	flood	1
water	swallow	2
water	golden	3
water	citi	1
water	legend	1
water	roar	2
water	allow	1
water	stumbl	1
water	found	1
water	upstream	1
water	infus	2
water	travel	1
water	gruel	1
water	sight	1
water	fleck	2
water	fail	1
water	week	1
water	metal	2
water	rise	2
water	tini	2
water	hue	2
water	eye	1
water	fall	1
surfac	lost	1
surfac	breath	1
surfac	team	1
surfac	spire	2
surfac	final	1
surfac	gold	2
surfac	itaurelia	1
surfac	citi	1
surfac	gleam	2
surfac	rose	2
surfac	found	1
surfac	upstream	1
surfac	tower	2
surfac	sight	1
surfac	mist	2
surfac	sky	2
surfac	foliag	2
protect	jungl	2
protect	elijah	1
protect	explor	2
protect	return	1
protect	sought	2
protect	treacher	1
protect	intrud	2
protect	captain	1
protect	citi	2
protect	expedit	1
protect	guard	2
protect	unknown	1
protect	dare	1
protect	centuri	1
protect	ventur	1
protect	tale	1
protect	claim	2
protect	ward	1
protect	man	1
protect	believ	2
protect	search	1
protect	wilder	1
swore	find	1
swore	danger	1
swore	elijah	2
swore	explor	1
swore	pass	2
swore	team	1
swore	heard	2
swore	quest	1
swore	boy	2
swore	assembl	1
swore	exist	2
swore	captain	1
swore	set	1
swore	citi	2
swore	legend	2
swore	expedit	1
swore	unknown	1
swore	dare	1
swore	adventur	1
swore	determin	1
swore	experienc	1
swore	grandfath	2
swore	ward	1
swore	man	1
swore	aurelia	2
pure	statu	1
pure	intric	2
pure	longforgotten	1
pure	forgotten	2
pure	scene	2
pure	carv	2
pure	gold	2
pure	god	1
pure	civil	2
pure	wall	1
pure	citi	1
pure	legend	1
pure	build	2
pure	preciou	1
pure	guard	1
pure	gem	1
pure	adorn	1
pure	promis	1
pure	stood	1
pure	corner	1
pure	craft	2
find	jungl	2
find	danger	2
find	tree	1
find	elijah	2
find	pass	1
find	team	4
find	heard	1
find	quest	2
find	groan	1
find	boy	1
find	assembl	2
find	exist	1
find	gold	1
find	flood	1
find	wall	1
find	set	2
find	citi	2
find	legend	1
find	began	2
find	shake	1
find	awoken	1
find	feet	1
find	vine	1
find	adventur	2
find	determin	2
find	start	1
find	street	1
find	experienc	2
find	long	1
find	grandfath	1
find	peril	1
find	rise	1
find	ground	1
find	uproot	1
find	journey	1
find	slumber	1
find	live	1
find	aurelia	1
find	twist	1
find	close	2
deeper	jungl	1
deeper	soul	1
deeper	made	1
deeper	warrior	1
deeper	statu	1
deeper	team	2
deeper	glitter	1
deeper	reclaim	1
deeper	begun	1
deeper	templ	2
deeper	emerald	1
deeper	part	1
deeper	golden	1
deeper	wall	1
deeper	citi	2
deeper	vast	2
deeper	heart	2
deeper	guard	1
deeper	vine	1
deeper	ventur	2
deeper	crack	1
deeper	roam	1
deeper	entranc	1
deeper	street	1
deeper	massiv	1
deeper	live	1
deeper	aurelia	2
deeper	eye	1
deeper	root	1
jungl	lay	1
jungl	soul	2
jungl	creatur	2
jungl	lost	3
jungl	tree	1
jungl	cri	2
jungl	impenetr	2
jungl	treasur	1
jungl	elijah	3
jungl	explor	2
jungl	pass	1
jungl	thicket	2
jungl	disappear	1
jungl	return	1
jungl	team	5
jungl	reclaim	2
jungl	begun	2
jungl	mention	1
jungl	sought	2
jungl	local	1
jungl	stori	1
jungl	fix	1
jungl	treacher	1
jungl	groan	1
jungl	hidden	1
jungl	spire	1
jungl	templ	1
jungl	intrud	2
jungl	myth	1
jungl	suffoc	1
jungl	thought	1
jungl	america	1
jungl	map	1
jungl	ancient	1
jungl	gold	2
jungl	flood	2
jungl	unchart	1
jungl	swallow	2
jungl	captain	1
jungl	emerald	1
jungl	part	2
jungl	golden	3
jungl	wall	3
jungl	citi	7
jungl	legend	1
jungl	venom	2
jungl	began	2
jungl	vast	1
jungl	heart	1
jungl	roar	2
jungl	expedit	1
jungl	guard	2
jungl	unknown	1
jungl	allow	1
jungl	imagin	1
jungl	shake	1
jungl	dare	1
jungl	heat	1
jungl	awoken	1
jungl	storm	2
jungl	beauti	1
jungl	silent	1
jungl	feet	1
jungl	vine	3
jungl	found	1
jungl	centuri	1
jungl	eerili	1
jungl	day	1
jungl	ventur	2
jungl	fail	1
jungl	start	1
jungl	tribe	1
jungl	crack	2
jungl	roam	2
jungl	dens	2
jungl	street	3
jungl	teem	2
jungl	long	2
jungl	south	1
jungl	tale	1
jungl	hack	1
jungl	claim	2
jungl	ward	1
jungl	peril	1
jungl	rise	3
jungl	ago	1
jungl	man	1
jungl	ground	1
jungl	believ	2
jungl	uproot	1
jungl	journey	1
jungl	slumber	1
jungl	violent	2
jungl	live	3
jungl	aurelia	2
jungl	search	1
jungl	twist	1
jungl	wilder	1
jungl	close	2
jungl	eye	1
jungl	fall	1
jungl	guid	1
jungl	root	2
lay	lost	1
lay	treasur	1
lay	hidden	1
lay	myth	1
lay	thought	1
lay	america	1
lay	gold	1
lay	unchart	1
lay	emerald	1
lay	citi	1
lay	imagin	1
lay	long	1
lay	south	1
lay	ago	1
lay	aurelia	1
soul	team	1
soul	reclaim	2
soul	begun	2
soul	templ	1
soul	part	2
soul	golden	2
soul	wall	2
soul	citi	2
soul	vast	1
soul	heart	1
soul	beauti	1
soul	silent	1
soul	vine	2
soul	eerili	1
soul	ventur	1
soul	crack	2
soul	roam	2
soul	street	2
soul	live	2
soul	aurelia	1
soul	root	2
creatur	impenetr	2
creatur	pass	1
creatur	thicket	2
creatur	local	1
creatur	stori	1
creatur	suffoc	1
creatur	map	1
creatur	ancient	1
creatur	venom	2
creatur	heat	1
creatur	storm	2
creatur	day	1
creatur	start	1
creatur	tribe	1
creatur	dens	2
creatur	teem	2
creatur	hack	1
creatur	peril	1
creatur	journey	1
creatur	violent	2
creatur	guid	1
danger	elijah	3
danger	fear	2
danger	pass	2
danger	team	3
danger	heard	1
danger	local	1
danger	stori	1
danger	unlik	1
danger	quest	2
danger	spoke	2
danger	boy	1
danger	assembl	2
danger	suffoc	1
danger	exist	1
danger	map	1
danger	ancient	1
danger	warn	2
danger	incred	2
danger	set	2
danger	citi	1
danger	legend	1
danger	heat	1
danger	stumbl	1
danger	beauti	2
danger	rever	2
danger	adventur	2
danger	travel	1
danger	gruel	1
danger	determin	2
danger	day	1
danger	start	1
danger	tribe	2
danger	week	1
danger	experienc	2
danger	hack	1
danger	grandfath	1
danger	peril	1
danger	journey	1
danger	aurelia	3
danger	terribl	2
danger	guid	1
lost	cri	2
lost	treasur	2
lost	elijah	3
lost	explor	1
lost	disappear	2
lost	team	2
lost	mention	1
lost	fix	2
lost	hidden	1
lost	spire	3
lost	myth	1
lost	thought	1
lost	america	1
lost	gold	2
lost	group	1
lost	flood	2
lost	unchart	1
lost	swallow	2
lost	itaurelia	2
lost	emerald	1
lost	golden	2
lost	citi	5
lost	legend	2
lost	roar	2
lost	allow	1
lost	imagin	1
lost	gleam	1
lost	dare	1
lost	rose	1
lost	found	4
lost	tower	1
lost	fail	1
lost	mist	1
lost	wait	1
lost	promis	1
lost	long	1
lost	south	1
lost	sky	1
lost	foliag	1
lost	rise	2
lost	ago	1
lost	seek	1
lost	aurelia	2
lost	eye	2
lost	fall	2
tree	elijah	1
tree	team	1
tree	gold	2
tree	flood	2
tree	began	2
tree	vine	2
tree	truth	1
tree	chao	1
tree	street	2
tree	rise	2
tree	uproot	2
tree	live	2
tree	twist	2
tree	close	1
tree	terribl	1
tree	realiz	1
cri	elijah	2
cri	disappear	1
cri	team	2
cri	mention	1
cri	fix	1
cri	spire	1
cri	flood	1
cri	swallow	2
cri	golden	1
cri	citi	1
cri	legend	1
cri	roar	2
cri	allow	1
cri	found	1
cri	fail	1
cri	rise	2
cri	eye	1
cri	fall	1
impenetr	pass	1
impenetr	thicket	2
impenetr	local	1
impenetr	stori	1
impenetr	suffoc	1
impenetr	map	1
impenetr	ancient	1
impenetr	venom	2
impenetr	heat	1
impenetr	storm	2
impenetr	day	1
impenetr	start	1
impenetr	tribe	1
impenetr	dens	2
impenetr	teem	2
impenetr	hack	1
impenetr	peril	1
impenetr	journey	1
impenetr	violent	2
impenetr	guid	1
made	treasur	1
made	warrior	2
made	statu	2
made	team	1
made	glitter	2
made	artifact	1
made	templ	1
made	wildest	1
made	overflow	1
made	emerald	2
made	citi	1
made	vast	1
made	heart	1
made	guard	2
made	chamber	1
made	found	1
made	chest	1
made	crown	1
made	ventur	1
made	jewel	1
made	entranc	2
made	insid	1
made	dreamsgolden	1
made	massiv	2
made	aurelia	1
made	eye	2
treasur	elijah	1
treasur	warrior	1
treasur	explor	2
treasur	statu	1
treasur	disappear	1
treasur	return	1
treasur	glitter	1
treasur	artifact	2
treasur	fix	1
treasur	treacher	1
treasur	hidden	1
treasur	spire	1
treasur	wildest	2
treasur	myth	1
treasur	thought	1
treasur	america	1
treasur	gold	2
treasur	group	1
treasur	flood	1
treasur	unchart	1
treasur	overflow	2
treasur	emerald	3
treasur	golden	1
treasur	citi	3
treasur	guard	1
treasur	imagin	2
treasur	dare	1
treasur	chamber	2
treasur	found	3
treasur	chest	2
treasur	centuri	1
treasur	crown	2
treasur	ventur	1
treasur	wait	1
treasur	jewel	2
treasur	entranc	1
treasur	insid	2
treasur	long	1
treasur	south	1
treasur	tale	1
treasur	ago	1
treasur	seek	1
treasur	dreamsgolden	2
treasur	massiv	1
treasur	aurelia	3
treasur	search	1
treasur	wilder	1
treasur	eye	2
treasur	fall	1
elijah	fear	1
elijah	rumbl	2
elijah	explor	3
elijah	pass	2
elijah	disappear	2
elijah	team	6
elijah	heard	2
elijah	mention	1
elijah	sought	1
elijah	entiti	1
elijah	unlik	2
elijah	shimmer	1
elijah	fix	2
elijah	quest	2
elijah	groan	1
elijah	hidden	1
elijah	spoke	1
elijah	boy	2
elijah	spire	2
elijah	templ	2
elijah	intrud	1
elijah	assembl	2
elijah	touch	2
elijah	remain	1
elijah	exist	2
elijah	gold	1
elijah	group	1
elijah	strang	1
elijah	flood	3
elijah	swallow	2
elijah	captain	2
elijah	golden	3
elijah	wall	1
elijah	want	1
elijah	warn	1
elijah	incred	1
elijah	set	2
elijah	citi	7
elijah	legend	3
elijah	began	2
elijah	roar	2
elijah	expedit	2
elijah	guard	1
elijah	unknown	2
elijah	allow	1
elijah	shake	1
elijah	dare	3
elijah	awoken	1
elijah	stumbl	2
elijah	beauti	1
elijah	feet	1
elijah	vine	1
elijah	found	2
elijah	rever	1
elijah	infus	1
elijah	centuri	1
elijah	adventur	2
elijah	travel	2
elijah	truth	2
elijah	gruel	2
elijah	determin	2
elijah	crown	2
elijah	chao	2
elijah	fleck	1
elijah	fail	1
elijah	start	1
elijah	tribe	1
elijah	week	2
elijah	wait	1
elijah	street	1
elijah	experienc	2
elijah	long	1
elijah	metal	1
elijah	grandfath	2
elijah	claim	1
elijah	ward	2
elijah	peril	1
elijah	rise	3
elijah	tini	1
elijah	man	2
elijah	ground	1
elijah	seek	1
elijah	believ	1
elijah	goldit	1
elijah	hue	1
elijah	uproot	1
elijah	journey	1
elijah	slumber	1
elijah	live	2
elijah	aurelia	5
elijah	reach	2
elijah	twist	1
elijah	eye	2
elijah	terribl	3
elijah	fall	2
elijah	realiz	2
fear	pass	1
fear	team	1
fear	local	1
fear	stori	1
fear	unlik	1
fear	spoke	2
fear	suffoc	1
fear	map	1
fear	ancient	1
fear	warn	2
fear	incred	2
fear	heat	1
fear	stumbl	1
fear	beauti	2
fear	rever	2
fear	travel	1
fear	gruel	1
fear	day	1
fear	tribe	2
fear	week	1
fear	hack	1
fear	aurelia	2
fear	terribl	2
fear	guid	1
rumbl	groan	1
rumbl	templ	2
rumbl	touch	2
rumbl	wall	1
rumbl	citi	1
rumbl	began	1
rumbl	shake	1
rumbl	awoken	1
rumbl	feet	1
rumbl	crown	2
rumbl	long	1
rumbl	ground	1
rumbl	slumber	1
rumbl	reach	2
warrior	statu	2
warrior	team	1
warrior	glitter	2
warrior	artifact	1
warrior	templ	1
warrior	wildest	1
warrior	overflow	1
warrior	emerald	2
warrior	citi	1
warrior	vast	1
warrior	heart	1
warrior	guard	2
warrior	chamber	1
warrior	found	1
warrior	chest	1
warrior	crown	1
warrior	ventur	1
warrior	jewel	1
warrior	entranc	2
warrior	insid	1
warrior	dreamsgolden	1
warrior	massiv	2
warrior	aurelia	1
warrior	eye	2
explor	pass	1
explor	disappear	1
explor	return	2
explor	heard	1
explor	sought	2
explor	fix	1
explor	treacher	2
explor	boy	1
explor	spire	1
explor	intrud	2
explor	exist	1
explor	gold	1
explor	group	1
explor	flood	1
explor	captain	2
explor	emerald	1
explor	golden	1
explor	citi	5
explor	legend	1
explor	expedit	2
explor	guard	2
explor	unknown	2
explor	imagin	1
explor	dare	3
explor	found	1
explor	centuri	2
explor	ventur	2
explor	wait	1
explor	tale	2
explor	grandfath	1
explor	claim	2
explor	ward	2
explor	man	2
explor	seek	1
explor	believ	2
explor	aurelia	3
explor	search	2
explor	wilder	2
explor	eye	1
explor	fall	1
statu	intric	1
statu	longforgotten	2
statu	forgotten	1
statu	team	1
statu	glitter	2
statu	scene	1
statu	artifact	1
statu	templ	1
statu	wildest	1
statu	carv	1
statu	gold	1
statu	god	2
statu	civil	1
statu	overflow	1
statu	emerald	2
statu	wall	2
statu	citi	2
statu	build	1
statu	preciou	2
statu	vast	1
statu	heart	1
statu	guard	4
statu	gem	2
statu	beauti	1
statu	silent	1
statu	chamber	1
statu	found	1
statu	chest	1
statu	eerili	1
statu	crown	1
statu	ventur	1
statu	jewel	1
statu	adorn	2
statu	entranc	2
statu	insid	1
statu	stood	2
statu	corner	2
statu	craft	1
statu	dreamsgolden	1
statu	massiv	2
statu	aurelia	1
statu	eye	2
pass	thicket	1
pass	team	1
pass	heard	2
pass	local	2
pass	stori	2
pass	quest	1
pass	spoke	1
pass	boy	2
pass	assembl	1
pass	suffoc	2
pass	exist	2
pass	map	2
pass	ancient	2
pass	captain	1
pass	warn	1
pass	incred	1
pass	set	1
pass	citi	2
pass	legend	2
pass	venom	1
pass	expedit	1
pass	unknown	1
pass	dare	1
pass	heat	2
pass	storm	1
pass	beauti	1
pass	rever	1
pass	adventur	1
pass	determin	1
pass	day	2
pass	tribe	2
pass	dens	1
pass	teem	1
pass	experienc	1
pass	hack	2
pass	grandfath	2
pass	ward	1
pass	man	1
pass	violent	1
pass	aurelia	3
pass	terribl	1
pass	guid	2
thicket	local	1
thicket	stori	1
thicket	suffoc	1
thicket	map	1
thicket	ancient	1
thicket	venom	2
thicket	heat	1
thicket	storm	2
thicket	day	1
thicket	start	1
thicket	tribe	1
thicket	dens	2
thicket	teem	2
thicket	hack	1
thicket	peril	1
thicket	journey	1
thicket	violent	2
thicket	guid	1
disappear	team	1
disappear	fix	2
disappear	spire	2
disappear	group	1
disappear	flood	2
disappear	swallow	1
disappear	golden	2
disappear	citi	1
disappear	roar	1
disappear	dare	1
disappear	found	1
disappear	wait	1
disappear	rise	1
disappear	seek	1
disappear	aurelia	1
disappear	eye	2
disappear	fall	2
intric	longforgotten	1
intric	forgotten	2
intric	scene	2
intric	carv	2
intric	gold	2
intric	god	1
intric	civil	2
intric	wall	1
intric	citi	1
intric	legend	1
intric	build	2
intric	preciou	1
intric	guard	1
intric	gem	1
intric	adorn	1
intric	promis	1
intric	stood	1
intric	corner	1
intric	craft	2
longforgotten	forgotten	1
longforgotten	scene	1
longforgotten	carv	1
longforgotten	gold	1
longforgotten	god	2
longforgotten	civil	1
longforgotten	wall	2
longforgotten	citi	1
longforgotten	build	1
longforgotten	preciou	2
longforgotten	guard	2
longforgotten	gem	2
longforgotten	beauti	1
longforgotten	silent	1
longforgotten	eerili	1
longforgotten	adorn	2
longforgotten	stood	2
longforgotten	corner	2
longforgotten	craft	1
return	sought	1
return	treacher	2
return	intrud	1
return	gold	1
return	emerald	1
return	citi	2
return	guard	1
return	imagin	1
return	centuri	2
return	ventur	2
return	tale	2
return	claim	1
return	believ	1
return	aurelia	1
return	search	2
return	wilder	2
forgotten	scene	2
forgotten	carv	2
forgotten	gold	2
forgotten	god	1
forgotten	civil	2
forgotten	wall	1
forgotten	citi	1
forgotten	legend	1
forgotten	build	2
forgotten	preciou	1
forgotten	guard	1
forgotten	gem	1
forgotten	adorn	1
forgotten	promis	1
forgotten	stood	1
forgotten	corner	1
forgotten	craft	2
breath	team	2
breath	shimmer	1
breath	spire	1
breath	final	2
breath	gold	1
breath	strang	1
breath	golden	1
breath	gleam	1
breath	rose	1
breath	upstream	2
breath	infus	1
breath	tower	1
breath	sight	2
breath	fleck	1
breath	mist	1
breath	metal	1
breath	sky	1
breath	foliag	1
breath	tini	1
breath	hue	1
team	glitter	1
team	heard	1
team	reclaim	1
team	begun	1
team	mention	1
team	unlik	2
team	shimmer	2
team	fix	1
team	quest	2
team	groan	1
team	spoke	1
team	boy	1
team	spire	2
team	templ	2
team	assembl	2
team	final	2
team	exist	1
team	gold	2
team	strang	2
team	flood	2
team	swallow	2
team	emerald	1
team	part	1
team	golden	4
team	wall	2
team	warn	1
team	incred	1
team	set	2
team	citi	5
team	legend	2
team	began	2
team	vast	2
team	heart	2
team	roar	2
team	guard	1
team	allow	1
team	shake	1
team	gleam	1
team	awoken	1
team	stumbl	2
team	beauti	1
team	rose	1
team	feet	1
team	vine	2
team	found	1
team	rever	1
team	upstream	2
team	infus	2
team	tower	1
team	adventur	2
team	travel	2
team	gruel	2
team	determin	2
team	sight	2
team	ventur	2
team	fleck	2
team	fail	1
team	start	1
team	mist	1
team	tribe	1
team	week	2
team	crack	1
team	roam	1
team	entranc	1
team	street	2
team	experienc	2
team	long	1
team	metal	2
team	grandfath	1
team	sky	1
team	foliag	1
team	peril	1
team	rise	3
team	tini	2
team	ground	1
team	hue	2
team	uproot	1
team	massiv	1
team	journey	1
team	slumber	1
team	live	2
team	aurelia	4
team	twist	1
team	close	2
team	eye	2
team	terribl	1
team	fall	1
team	root	1
glitter	artifact	1
glitter	templ	1
glitter	wildest	1
glitter	overflow	1
glitter	emerald	2
glitter	citi	1
glitter	vast	1
glitter	heart	1
glitter	guard	2
glitter	chamber	1
glitter	found	1
glitter	chest	1
glitter	crown	1
glitter	ventur	1
glitter	jewel	1
glitter	entranc	2
glitter	insid	1
glitter	dreamsgolden	1
glitter	massiv	2
glitter	aurelia	1
glitter	eye	2
scene	carv	2
scene	gold	2
scene	god	1
scene	civil	2
scene	wall	1
scene	citi	1
scene	legend	1
scene	build	2
scene	preciou	1
scene	guard	1
scene	gem	1
scene	adorn	1
scene	promis	1
scene	stood	1
scene	corner	1
scene	craft	2
heard	quest	1
heard	boy	2
heard	assembl	1
heard	exist	2
heard	captain	1
heard	set	1
heard	citi	2
heard	legend	2
heard	expedit	1
heard	unknown	1
heard	dare	1
heard	adventur	1
heard	determin	1
heard	experienc	1
heard	grandfath	2
heard	ward	1
heard	man	1
heard	aurelia	2
reclaim	begun	2
reclaim	templ	1
reclaim	part	2
reclaim	golden	2
reclaim	wall	2
reclaim	citi	2
reclaim	vast	1
reclaim	heart	1
reclaim	beauti	1
reclaim	silent	1
reclaim	vine	2
reclaim	eerili	1
reclaim	ventur	1
reclaim	crack	2
reclaim	roam	2
reclaim	street	2
reclaim	live	2
reclaim	aurelia	1
reclaim	root	2
artifact	wildest	2
artifact	overflow	2
artifact	emerald	1
artifact	guard	1
artifact	chamber	2
artifact	found	2
artifact	chest	2
artifact	crown	2
artifact	jewel	2
artifact	entranc	1
artifact	insid	2
artifact	dreamsgolden	2
artifact	massiv	1
artifact	eye	1
begun	templ	1
begun	part	2
begun	golden	2
begun	wall	2
begun	citi	2
begun	vast	1
begun	heart	1
begun	beauti	1
begun	silent	1
begun	vine	2
begun	eerili	1
begun	ventur	1
begun	crack	2
begun	roam	2
begun	street	2
begun	live	2
begun	aurelia	1
begun	root	2
mention	entiti	1
mention	hidden	1
mention	remain	1
mention	swallow	1
mention	want	1
mention	citi	2
mention	legend	2
mention	roar	1
mention	allow	2
mention	found	2
mention	centuri	1
mention	fail	2
mention	rise	1
mention	goldit	1
mention	live	1
mention	aurelia	1
sought	treacher	1
sought	intrud	2
sought	captain	1
sought	citi	2
sought	expedit	1
sought	guard	2
sought	unknown	1
sought	dare	1
sought	centuri	1
sought	ventur	1
sought	tale	1
sought	claim	2
sought	ward	1
sought	man	1
sought	believ	2
sought	search	1
sought	wilder	1
local	stori	2
local	spoke	1
local	suffoc	2
local	map	2
local	ancient	2
local	warn	1
local	incred	1
local	venom	1
local	heat	2
local	storm	1
local	beauti	1
local	rever	1
local	day	2
local	tribe	2
local	dens	1
local	teem	1
local	hack	2
local	violent	1
local	aurelia	1
local	terribl	1
local	guid	2
stori	spoke	1
stori	suffoc	2
stori	map	2
stori	ancient	2
stori	warn	1
stori	incred	1
stori	venom	1
stori	heat	2
stori	storm	1
stori	beauti	1
stori	rever	1
stori	day	2
stori	tribe	2
stori	dens	1
stori	teem	1
stori	hack	2
stori	violent	1
stori	aurelia	1
stori	terribl	1
stori	guid	2
entiti	hidden	2
entiti	remain	2
entiti	want	2
entiti	citi	2
entiti	legend	1
entiti	allow	1
entiti	found	1
entiti	centuri	2
entiti	truth	1
entiti	chao	1
entiti	fail	1
entiti	goldit	2
entiti	live	2
entiti	aurelia	2
entiti	terribl	1
entiti	realiz	1
unlik	shimmer	1
unlik	spoke	1
unlik	strang	1
unlik	golden	1
unlik	warn	1
unlik	incred	1
unlik	stumbl	2
unlik	beauti	1
unlik	rever	1
unlik	infus	1
unlik	travel	2
unlik	gruel	2
unlik	fleck	1
unlik	tribe	1
unlik	week	2
unlik	metal	1
unlik	tini	1
unlik	hue	1
unlik	aurelia	1
unlik	terribl	1
shimmer	final	1
shimmer	strang	2
shimmer	golden	2
shimmer	stumbl	1
shimmer	upstream	1
shimmer	infus	2
shimmer	travel	1
shimmer	gruel	1
shimmer	sight	1
shimmer	fleck	2
shimmer	week	1
shimmer	metal	2
shimmer	tini	2
shimmer	hue	2
fix	spire	2
fix	group	1
fix	flood	2
fix	swallow	1
fix	golden	2
fix	citi	1
fix	roar	1
fix	dare	1
fix	found	1
fix	wait	1
fix	rise	1
fix	seek	1
fix	aurelia	1
fix	eye	2
fix	fall	2
quest	boy	1
quest	assembl	2
quest	exist	1
quest	set	2
quest	citi	1
quest	legend	1
quest	adventur	2
quest	determin	2
quest	start	1
quest	experienc	2
quest	grandfath	1
quest	peril	1
quest	journey	1
quest	aurelia	1
treacher	intrud	1
treacher	gold	1
treacher	emerald	1
treacher	citi	2
treacher	guard	1
treacher	imagin	1
treacher	centuri	2
treacher	ventur	2
treacher	tale	2
treacher	claim	1
treacher	believ	1
treacher	aurelia	1
treacher	search	2
treacher	wilder	2
groan	templ	1
groan	touch	1
groan	wall	2
groan	citi	2
groan	began	2
groan	shake	2
groan	awoken	2
groan	feet	2
groan	crown	1
groan	long	2
groan	ground	2
groan	slumber	2
groan	reach	1
groan	close	1
hidden	myth	1
hidden	thought	1
hidden	remain	2
hidden	america	1
hidden	gold	1
hidden	unchart	1
hidden	emerald	1
hidden	want	2
hidden	citi	3
hidden	legend	1
hidden	allow	1
hidden	imagin	1
hidden	found	1
hidden	centuri	2
hidden	truth	1
hidden	chao	1
hidden	fail	1
hidden	long	1
hidden	south	1
hidden	ago	1
hidden	goldit	2
hidden	live	2
hidden	aurelia	3
hidden	terribl	1
hidden	realiz	1
spoke	suffoc	1
spoke	map	1
spoke	ancient	1
spoke	warn	2
spoke	incred	2
spoke	heat	1
spoke	stumbl	1
spoke	beauti	2
spoke	rever	2
spoke	travel	1
spoke	gruel	1
spoke	day	1
spoke	tribe	2
spoke	week	1
spoke	hack	1
spoke	aurelia	2
spoke	terribl	2
spoke	guid	1
boy	assembl	1
boy	exist	2
boy	captain	1
boy	set	1
boy	citi	2
boy	legend	2
boy	expedit	1
boy	unknown	1
boy	dare	1
boy	adventur	1
boy	determin	1
boy	experienc	1
boy	grandfath	2
boy	ward	1
boy	man	1
boy	aurelia	2
spire	final	1
spire	gold	2
spire	group	1
spire	flood	2
spire	swallow	1
spire	itaurelia	1
spire	golden	2
spire	citi	2
spire	roar	1
spire	gleam	2
spire	dare	1
spire	rose	2
spire	found	2
spire	upstream	1
spire	tower	2
spire	sight	1
spire	mist	2
spire	wait	1
spire	sky	2
spire	foliag	2
spire	rise	1
spire	seek	1
spire	aurelia	1
spire	eye	2
spire	fall	2
templ	touch	2
templ	emerald	1
templ	part	1
templ	golden	1
templ	wall	2
templ	citi	3
templ	began	1
templ	vast	2
templ	heart	2
templ	guard	1
templ	shake	1
templ	awoken	1
templ	feet	1
templ	vine	1
templ	crown	2
templ	ventur	2
templ	crack	1
templ	roam	1
templ	entranc	1
templ	street	1
templ	long	1
templ	ground	1
templ	massiv	1
templ	slumber	1
templ	live	1
templ	aurelia	2
templ	reach	2
templ	eye	1
templ	root	1
intrud	captain	1
intrud	citi	2
intrud	expedit	1
intrud	guard	2
intrud	unknown	1
intrud	dare	1
intrud	centuri	1
intrud	ventur	1
intrud	tale	1
intrud	claim	2
intrud	ward	1
intrud	man	1
intrud	believ	2
intrud	search	1
intrud	wilder	1
wildest	overflow	2
wildest	emerald	1
wildest	guard	1
wildest	chamber	2
wildest	found	2
wildest	chest	2
wildest	crown	2
wildest	jewel	2
wildest	entranc	1
wildest	insid	2
wildest	dreamsgolden	2
wildest	massiv	1
wildest	eye	1
myth	thought	1
myth	america	1
myth	gold	1
myth	unchart	1
myth	emerald	1
myth	citi	1
myth	imagin	1
myth	long	1
myth	south	1
myth	ago	1
myth	aurelia	1
assembl	exist	1
assembl	set	2
assembl	citi	1
assembl	legend	1
assembl	adventur	2
assembl	determin	2
assembl	start	1
assembl	experienc	2
assembl	grandfath	1
assembl	peril	1
assembl	journey	1
assembl	aurelia	1
touch	wall	1
touch	citi	1
touch	began	1
touch	shake	1
touch	awoken	1
touch	feet	1
touch	crown	2
touch	long	1
touch	ground	1
touch	slumber	1
touch	reach	2
suffoc	map	2
suffoc	ancient	2
suffoc	warn	1
suffoc	incred	1
suffoc	venom	1
suffoc	heat	2
suffoc	storm	1
suffoc	beauti	1
suffoc	rever	1
suffoc	day	2
suffoc	tribe	2
suffoc	dens	1
suffoc	teem	1
suffoc	hack	2
suffoc	violent	1
suffoc	aurelia	1
suffoc	terribl	1
suffoc	guid	2
thought	america	1
thought	gold	1
thought	unchart	1
thought	emerald	1
thought	citi	1
thought	imagin	1
thought	long	1
thought	south	1
thought	ago	1
thought	aurelia	1
final	gold	1
final	strang	1
final	golden	1
final	gleam	1
final	rose	1
final	upstream	2
final	infus	1
final	tower	1
final	sight	2
final	fleck	1
final	mist	1
final	metal	1
final	sky	1
final	foliag	1
final	tini	1
final	hue	1
remain	want	2
remain	citi	2
remain	legend	1
remain	allow	1
remain	found	1
remain	centuri	2
remain	truth	1
remain	chao	1
remain	fail	1
remain	goldit	2
remain	live	2
remain	aurelia	2
remain	terribl	1
remain	realiz	1
america	gold	1
america	unchart	1
america	emerald	1
america	citi	1
america	imagin	1
america	long	1
america	south	1
america	ago	1
america	aurelia	1
exist	captain	1
exist	set	1
exist	citi	2
exist	legend	2
exist	expedit	1
exist	unknown	1
exist	dare	1
exist	adventur	1
exist	determin	1
exist	experienc	1
exist	grandfath	2
exist	ward	1
exist	man	1
exist	aurelia	2
map	ancient	2
map	warn	1
map	incred	1
map	venom	1
map	heat	2
map	storm	1
map	beauti	1
map	rever	1
map	day	2
map	tribe	2
map	dens	1
map	teem	1
map	hack	2
map	violent	1
map	aurelia	1
map	terribl	1
map	guid	2
ancient	warn	1
ancient	incred	1
ancient	venom	1
ancient	heat	2
ancient	storm	1
ancient	beauti	1
ancient	rever	1
ancient	day	2
ancient	tribe	2
ancient	dens	1
ancient	teem	1
ancient	hack	2
ancient	violent	1
ancient	aurelia	1
ancient	terribl	1
ancient	guid	2
carv	gold	2
carv	god	1
carv	civil	2
carv	wall	1
carv	citi	1
carv	legend	1
carv	build	2
carv	preciou	1
carv	guard	1
carv	gem	1
carv	adorn	1
carv	promis	1
carv	stood	1
carv	corner	1
carv	craft	2
gold	god	1
gold	flood	2
gold	unchart	1
gold	civil	2
gold	itaurelia	1
gold	emerald	2
gold	wall	1
gold	citi	4
gold	legend	1
gold	build	2
gold	preciou	1
gold	began	2
gold	guard	1
gold	imagin	2
gold	gleam	2
gold	gem	1
gold	rose	2
gold	vine	2
gold	found	1
gold	upstream	1
gold	tower	2
gold	centuri	1
gold	truth	1
gold	sight	1
gold	chao	1
gold	ventur	1
gold	mist	2
gold	adorn	1
gold	promis	1
gold	stood	1
gold	street	2
gold	corner	1
gold	long	1
gold	south	1
gold	tale	1
gold	sky	2
gold	foliag	2
gold	craft	2
gold	rise	2
gold	ago	1
gold	uproot	2
gold	live	2
gold	aurelia	2
gold	search	1
gold	twist	2
gold	wilder	1
gold	close	1
gold	terribl	1
gold	realiz	1
god	civil	1
god	wall	2
god	citi	1
god	build	1
god	preciou	2
god	guard	2
god	gem	2
god	beauti	1
god	silent	1
god	eerili	1
god	adorn	2
god	stood	2
god	corner	2
god	craft	1
group	flood	1
group	golden	1
group	citi	1
group	dare	1
group	found	1
group	wait	1
group	seek	1
group	aurelia	1
group	eye	1
group	fall	1
strang	golden	2
strang	stumbl	1
strang	upstream	1
strang	infus	2
strang	travel	1
strang	gruel	1
strang	sight	1
strang	fleck	2
strang	week	1
strang	metal	2
strang	tini	2
strang	hue	2
flood	swallow	1
flood	golden	2
flood	citi	1
flood	began	2
flood	roar	1
flood	dare	1
flood	vine	2
flood	found	1
flood	truth	1
flood	chao	1
flood	wait	1
flood	street	2
flood	rise	3
flood	seek	1
flood	uproot	2
flood	live	2
flood	aurelia	1
flood	twist	2
flood	close	1
flood	eye	2
flood	terribl	1
flood	fall	2
flood	realiz	1
unchart	emerald	1
unchart	citi	1
unchart	imagin	1
unchart	long	1
unchart	south	1
unchart	ago	1
unchart	aurelia	1
civil	wall	1
civil	citi	1
civil	legend	1
civil	build	2
civil	preciou	1
civil	guard	1
civil	gem	1
civil	adorn	1
civil	promis	1
civil	stood	1
civil	corner	1
civil	craft	2
swallow	golden	1
swallow	citi	1
swallow	legend	1
swallow	roar	2
swallow	allow	1
swallow	found	1
swallow	fail	1
swallow	rise	2
swallow	eye	1
swallow	fall	1
captain	citi	2
captain	legend	1
captain	expedit	2
captain	guard	1
captain	unknown	2
captain	dare	2
captain	grandfath	1
captain	claim	1
captain	ward	2
captain	man	2
captain	believ	1
captain	aurelia	1
itaurelia	citi	2
itaurelia	legend	1
itaurelia	gleam	1
itaurelia	rose	1
itaurelia	found	2
itaurelia	tower	1
itaurelia	mist	1
itaurelia	promis	1
itaurelia	sky	1
itaurelia	foliag	1
overflow	emerald	1
overflow	guard	1
overflow	chamber	2
overflow	found	2
overflow	chest	2
overflow	crown	2
overflow	jewel	2
overflow	entranc	1
overflow	insid	2
overflow	dreamsgolden	2
overflow	massiv	1
overflow	eye	1
emerald	citi	3
emerald	vast	1
emerald	heart	1
emerald	guard	2
emerald	imagin	2
emerald	chamber	1
emerald	found	1
emerald	chest	1
emerald	centuri	1
emerald	crown	1
emerald	ventur	2
emerald	jewel	1
emerald	entranc	2
emerald	insid	1
emerald	long	1
emerald	south	1
emerald	tale	1
emerald	ago	1
emerald	dreamsgolden	1
emerald	massiv	2
emerald	aurelia	3
emerald	search	1
emerald	wilder	1
emerald	eye	2
part	golden	2
part	wall	2
part	citi	2
part	vast	1
part	heart	1
part	beauti	1
part	silent	1
part	vine	2
part	eerili	1
part	ventur	1
part	crack	2
part	roam	2
part	street	2
part	live	2
part	aurelia	1
part	root	2
golden	wall	2
golden	citi	3
golden	vast	1
golden	heart	1
golden	roar	1
golden	dare	1
golden	stumbl	1
golden	beauti	1
golden	silent	1
golden	vine	2
golden	found	1
golden	upstream	1
golden	infus	2
golden	eerili	1
golden	travel	1
golden	gruel	1
golden	sight	1
golden	ventur	1
golden	fleck	2
golden	week	1
golden	crack	2
golden	wait	1
golden	roam	2
golden	street	2
golden	metal	2
golden	rise	1
golden	tini	2
golden	seek	1
golden	hue	2
golden	live	2
golden	aurelia	2
golden	eye	2
golden	fall	2
golden	root	2
wall	citi	5
wall	build	1
wall	preciou	2
wall	began	2
wall	vast	1
wall	heart	1
wall	guard	2
wall	shake	2
wall	gem	2
wall	awoken	2
wall	beauti	2
wall	silent	2
wall	feet	2
wall	vine	2
wall	eerili	2
wall	crown	1
wall	ventur	1
wall	crack	2
wall	roam	2
wall	adorn	2
wall	stood	2
wall	street	2
wall	corner	2
wall	long	2
wall	craft	1
wall	ground	2
wall	slumber	2
wall	live	2
wall	aurelia	1
wall	reach	1
wall	close	1
wall	root	2
want	citi	2
want	legend	1
want	allow	1
want	found	1
want	centuri	2
want	truth	1
want	chao	1
want	fail	1
want	goldit	2
want	live	2
want	aurelia	2
want	terribl	1
want	realiz	1
warn	incred	2
warn	heat	1
warn	stumbl	1
warn	beauti	2
warn	rever	2
warn	travel	1
warn	gruel	1
warn	day	1
warn	tribe	2
warn	week	1
warn	hack	1
warn	aurelia	2
warn	terribl	2
warn	guid	1
incred	heat	1
incred	stumbl	1
incred	beauti	2
incred	rever	2
incred	travel	1
incred	gruel	1
incred	day	1
incred	tribe	2
incred	week	1
incred	hack	1
incred	aurelia	2
incred	terribl	2
incred	guid	1
set	citi	1
set	legend	1
set	adventur	2
set	determin	2
set	start	1
set	experienc	2
set	grandfath	1
set	peril	1
set	journey	1
set	aurelia	1
citi	legend	6
citi	build	1
citi	preciou	1
citi	began	2
citi	vast	2
citi	heart	2
citi	roar	1
citi	expedit	2
citi	guard	4
citi	unknown	2
citi	allow	2
citi	imagin	2
citi	shake	2
citi	gleam	1
citi	gem	1
citi	dare	3
citi	awoken	2
citi	beauti	2
citi	rose	1
citi	silent	2
citi	feet	2
citi	vine	2
citi	found	5
citi	tower	1
citi	centuri	4
citi	eerili	2
citi	adventur	1
citi	truth	1
citi	determin	1
citi	crown	1
citi	chao	1
citi	ventur	4
citi	fail	2
citi	mist	1
citi	crack	2
citi	wait	1
citi	roam	2
citi	adorn	1
citi	entranc	1
citi	promis	2
citi	stood	1
citi	street	2
citi	experienc	1
citi	corner	1
citi	long	3
citi	south	1
citi	tale	2
citi	grandfath	2
citi	sky	1
citi	foliag	1
citi	claim	2
citi	ward	2
citi	craft	1
citi	rise	1
citi	ago	1
citi	man	2
citi	ground	2
citi	seek	1
citi	believ	2
citi	goldit	2
citi	massiv	1
citi	slumber	2
citi	live	4
citi	aurelia	9
citi	search	2
citi	reach	1
citi	wilder	2
citi	close	1
citi	eye	2
citi	terribl	1
citi	fall	1
citi	realiz	1
citi	root	2
legend	build	1
legend	roar	1
legend	expedit	1
legend	unknown	1
legend	allow	2
legend	dare	1
legend	found	3
legend	centuri	1
legend	adventur	1
legend	determin	1
legend	fail	2
legend	promis	2
legend	experienc	1
legend	grandfath	2
legend	ward	1
legend	craft	1
legend	rise	1
legend	man	1
legend	goldit	1
legend	live	1
legend	aurelia	3
build	preciou	1
build	guard	1
build	gem	1
build	adorn	1
build	promis	1
build	stood	1
build	corner	1
build	craft	2
preciou	guard	2
preciou	gem	2
preciou	beauti	1
preciou	silent	1
preciou	eerili	1
preciou	adorn	2
preciou	stood	2
preciou	corner	2
preciou	craft	1
venom	heat	1
venom	storm	2
venom	day	1
venom	start	1
venom	tribe	1
venom	dens	2
venom	teem	2
venom	hack	1
venom	peril	1
venom	journey	1
venom	violent	2
venom	guid	1
began	shake	2
began	awoken	2
began	feet	2
began	vine	2
began	truth	1
began	crown	1
began	chao	1
began	street	2
began	long	2
began	rise	2
began	ground	2
began	uproot	2
began	slumber	2
began	live	2
began	reach	1
began	twist	2
began	close	2
began	terribl	1
began	realiz	1
vast	heart	2
vast	guard	1
vast	vine	1
vast	ventur	2
vast	crack	1
vast	roam	1
vast	entranc	1
vast	street	1
vast	massiv	1
vast	live	1
vast	aurelia	2
vast	eye	1
vast	root	1
heart	guard	1
heart	vine	1
heart	ventur	2
heart	crack	1
heart	roam	1
heart	entranc	1
heart	street	1
heart	massiv	1
heart	live	1
heart	aurelia	2
heart	eye	1
heart	root	1
roar	allow	1
roar	found	1
roar	fail	1
roar	rise	2
roar	eye	1
roar	fall	1
expedit	guard	1
expedit	unknown	2
expedit	dare	2
expedit	grandfath	1
expedit	claim	1
expedit	ward	2
expedit	man	2
expedit	believ	1
expedit	aurelia	1
guard	unknown	1
guard	gem	2
guard	dare	1
guard	beauti	1
guard	silent	1
guard	chamber	1
guard	found	1
guard	chest	1
guard	centuri	1
guard	eerili	1
guard	crown	1
guard	ventur	2
guard	jewel	1
guard	adorn	2
guard	entranc	2
guard	insid	1
guard	stood	2
guard	corner	2
guard	tale	1
guard	claim	2
guard	ward	1
guard	craft	1
guard	man	1
guard	believ	2
guard	dreamsgolden	1
guard	massiv	2
guard	aurelia	1
guard	search	1
guard	wilder	1
guard	eye	2
unknown	dare	2
unknown	grandfath	1
unknown	claim	1
unknown	ward	2
unknown	man	2
unknown	believ	1
unknown	aurelia	1
allow	found	2
allow	centuri	1
allow	fail	2
allow	rise	1
allow	goldit	1
allow	live	1
allow	aurelia	1
imagin	centuri	1
imagin	ventur	1
imagin	long	1
imagin	south	1
imagin	tale	1
imagin	ago	1
imagin	aurelia	2
imagin	search	1
imagin	wilder	1
shake	awoken	2
shake	feet	2
shake	crown	1
shake	long	2
shake	ground	2
shake	slumber	2
shake	reach	1
shake	close	1
gleam	rose	2
gleam	found	1
gleam	upstream	1
gleam	tower	2
gleam	sight	1
gleam	mist	2
gleam	sky	2
gleam	foliag	2
gem	beauti	1
gem	silent	1
gem	eerili	1
gem	adorn	2
gem	stood	2
gem	corner	2
gem	craft	1
dare	found	1
dare	wait	1
dare	grandfath	1
dare	claim	1
dare	ward	2
dare	man	2
dare	seek	1
dare	believ	1
dare	aurelia	2
dare	eye	1
dare	fall	1
heat	storm	1
heat	beauti	1
heat	rever	1
heat	day	2
heat	tribe	2
heat	dens	1
heat	teem	1
heat	hack	2
heat	violent	1
heat	aurelia	1
heat	terribl	1
heat	guid	2
awoken	feet	2
awoken	crown	1
awoken	long	2
awoken	ground	2
awoken	slumber	2
awoken	reach	1
awoken	close	1
storm	day	1
storm	start	1
storm	tribe	1
storm	dens	2
storm	teem	2
storm	hack	1
storm	peril	1
storm	journey	1
storm	violent	2
storm	guid	1
stumbl	beauti	1
stumbl	rever	1
stumbl	infus	1
stumbl	travel	2
stumbl	gruel	2
stumbl	fleck	1
stumbl	tribe	1
stumbl	week	2
stumbl	metal	1
stumbl	tini	1
stumbl	hue	1
stumbl	aurelia	1
stumbl	terribl	1
beauti	silent	2
beauti	vine	1
beauti	rever	2
beauti	eerili	2
beauti	travel	1
beauti	gruel	1
beauti	day	1
beauti	tribe	2
beauti	week	1
beauti	crack	1
beauti	roam	1
beauti	adorn	1
beauti	stood	1
beauti	street	1
beauti	corner	1
beauti	hack	1
beauti	live	1
beauti	aurelia	2
beauti	terribl	2
beauti	guid	1
beauti	root	1
rose	found	1
rose	upstream	1
rose	tower	2
rose	sight	1
rose	mist	2
rose	sky	2
rose	foliag	2
silent	vine	1
silent	eerili	2
silent	crack	1
silent	roam	1
silent	adorn	1
silent	stood	1
silent	street	1
silent	corner	1
silent	live	1
silent	root	1
chamber	found	2
chamber	chest	2
chamber	crown	2
chamber	jewel	2
chamber	entranc	1
chamber	insid	2
chamber	dreamsgolden	2
chamber	massiv	1
chamber	eye	1
feet	crown	1
feet	long	2
feet	ground	2
feet	slumber	2
feet	reach	1
feet	close	1
vine	eerili	1
vine	truth	1
vine	chao	1
vine	ventur	1
vine	crack	2
vine	roam	2
vine	street	4
vine	rise	2
vine	uproot	2
vine	live	4
vine	aurelia	1
vine	twist	2
vine	close	1
vine	terribl	1
vine	realiz	1
vine	root	2
found	chest	2
found	tower	1
found	centuri	1
found	crown	2
found	fail	2
found	mist	1
found	wait	1
found	jewel	2
found	entranc	1
found	insid	2
found	promis	1
found	sky	1
found	foliag	1
found	rise	1
found	seek	1
found	goldit	1
found	dreamsgolden	2
found	massiv	1
found	live	1
found	aurelia	2
found	eye	2
found	fall	1
rever	travel	1
rever	gruel	1
rever	day	1
rever	tribe	2
rever	week	1
rever	hack	1
rever	aurelia	2
rever	terribl	2
rever	guid	1
upstream	infus	1
upstream	tower	1
upstream	sight	2
upstream	fleck	1
upstream	mist	1
upstream	metal	1
upstream	sky	1
upstream	foliag	1
upstream	tini	1
upstream	hue	1
chest	crown	2
chest	jewel	2
chest	entranc	1
chest	insid	2
chest	dreamsgolden	2
chest	massiv	1
chest	eye	1
infus	travel	1
infus	gruel	1
infus	sight	1
infus	fleck	2
infus	week	1
infus	metal	2
infus	tini	2
infus	hue	2
tower	sight	1
tower	mist	2
tower	sky	2
tower	foliag	2
centuri	truth	1
centuri	chao	1
centuri	ventur	2
centuri	fail	1
centuri	tale	2
centuri	claim	1
centuri	believ	1
centuri	goldit	2
centuri	live	2
centuri	aurelia	3
centuri	search	2
centuri	wilder	2
centuri	terribl	1
centuri	realiz	1
eerili	crack	1
eerili	roam	1
eerili	adorn	1
eerili	stood	1
eerili	street	1
eerili	corner	1
eerili	live	1
eerili	root	1
adventur	determin	2
adventur	start	1
adventur	experienc	2
adventur	grandfath	1
adventur	peril	1
adventur	journey	1
adventur	aurelia	1
travel	gruel	2
travel	fleck	1
travel	tribe	1
travel	week	2
travel	metal	1
travel	tini	1
travel	hue	1
travel	aurelia	1
travel	terribl	1
truth	chao	2
truth	street	1
truth	rise	1
truth	goldit	1
truth	uproot	1
truth	live	2
truth	aurelia	1
truth	twist	1
truth	terribl	2
truth	realiz	2
gruel	fleck	1
gruel	tribe	1
gruel	week	2
gruel	metal	1
gruel	tini	1
gruel	hue	1
gruel	aurelia	1
gruel	terribl	1
determin	start	1
determin	experienc	2
determin	grandfath	1
determin	peril	1
determin	journey	1
determin	aurelia	1
day	tribe	2
day	dens	1
day	teem	1
day	hack	2
day	violent	1
day	aurelia	1
day	terribl	1
day	guid	2
sight	fleck	1
sight	mist	1
sight	metal	1
sight	sky	1
sight	foliag	1
sight	tini	1
sight	hue	1
crown	jewel	2
crown	entranc	1
crown	insid	2
crown	long	1
crown	ground	1
crown	dreamsgolden	2
crown	massiv	1
crown	slumber	1
crown	reach	2
crown	eye	1
chao	street	1
chao	rise	1
chao	goldit	1
chao	uproot	1
chao	live	2
chao	aurelia	1
chao	twist	1
chao	terribl	2
chao	realiz	2
ventur	crack	1
ventur	roam	1
ventur	entranc	1
ventur	street	1
ventur	tale	2
ventur	claim	1
ventur	believ	1
ventur	massiv	1
ventur	live	1
ventur	aurelia	3
ventur	search	2
ventur	wilder	2
ventur	eye	1
ventur	root	1
fleck	week	1
fleck	metal	2
fleck	tini	2
fleck	hue	2
fail	rise	1
fail	goldit	1
fail	live	1
fail	aurelia	1
start	dens	1
start	teem	1
start	experienc	1
start	peril	2
start	journey	2
start	violent	1
mist	sky	2
mist	foliag	2
tribe	week	1
tribe	dens	1
tribe	teem	1
tribe	hack	2
tribe	violent	1
tribe	aurelia	2
tribe	terribl	2
tribe	guid	2
week	metal	1
week	tini	1
week	hue	1
week	aurelia	1
week	terribl	1
crack	roam	2
crack	street	2
crack	live	2
crack	aurelia	1
crack	root	2
wait	seek	1
wait	aurelia	1
wait	eye	1
wait	fall	1
roam	street	2
roam	live	2
roam	aurelia	1
roam	root	2
dens	teem	2
dens	hack	1
dens	peril	1
dens	journey	1
dens	violent	2
dens	guid	1
jewel	entranc	1
jewel	insid	2
jewel	dreamsgolden	2
jewel	massiv	1
jewel	eye	1
adorn	stood	2
adorn	corner	2
adorn	craft	1
entranc	insid	1
entranc	dreamsgolden	1
entranc	massiv	2
entranc	aurelia	1
entranc	eye	2
insid	dreamsgolden	2
insid	massiv	1
insid	eye	1
promis	craft	1
stood	corner	2
stood	craft	1
street	rise	2
street	uproot	2
street	live	4
street	aurelia	1
street	twist	2
street	close	1
street	terribl	1
street	realiz	1
street	root	2
teem	hack	1
teem	peril	1
teem	journey	1
teem	violent	2
teem	guid	1
experienc	grandfath	1
experienc	peril	1
experienc	journey	1
experienc	aurelia	1
corner	craft	1
long	south	1
long	ago	1
long	ground	2
long	slumber	2
long	aurelia	1
long	reach	1
long	close	1
south	ago	1
south	aurelia	1
metal	tini	2
metal	hue	2
tale	claim	1
tale	believ	1
tale	aurelia	1
tale	search	2
tale	wilder	2
hack	violent	1
hack	aurelia	1
hack	terribl	1
hack	guid	2
grandfath	ward	1
grandfath	man	1
grandfath	aurelia	2
sky	foliag	2
claim	ward	1
claim	man	1
claim	believ	2
claim	search	1
claim	wilder	1
ward	man	2
ward	believ	1
ward	aurelia	1
peril	journey	2
peril	violent	1
rise	uproot	2
rise	live	2
rise	twist	2
rise	close	1
rise	eye	1
rise	terribl	1
rise	fall	1
rise	realiz	1
tini	hue	2
ago	aurelia	1
man	believ	1
man	aurelia	1
ground	slumber	2
ground	reach	1
ground	close	1
seek	aurelia	1
seek	eye	1
seek	fall	1
believ	search	1
believ	wilder	1
goldit	live	2
goldit	aurelia	2
goldit	terribl	1
goldit	realiz	1
uproot	live	2
uproot	twist	2
uproot	close	1
uproot	terribl	1
uproot	realiz	1
dreamsgolden	massiv	1
dreamsgolden	eye	1
massiv	aurelia	1
massiv	eye	2
journey	violent	1
slumber	reach	1
slumber	close	1
violent	guid	1
live	aurelia	3
live	twist	2
live	close	1
live	terribl	2
live	realiz	2
live	root	2
aurelia	search	1
aurelia	wilder	1
aurelia	eye	2
aurelia	terribl	3
aurelia	fall	1
aurelia	guid	1
aurelia	realiz	1
aurelia	root	1
search	wilder	2
twist	close	1
twist	terribl	1
twist	realiz	1
eye	fall	2
terribl	guid	1
terribl	realiz	2
