paper	analysi	2
paper	discuss	2
paper	graphbas	2
paper	parameterless	1
paper	method	2
paper	graph	1
paper	text	2
paper	keyword	2
paper	contextu	1
paper	relat	1
paper	word	1
paper	critic	2
paper	extract	2
paper	import	1
paper	propos	1
paper	comprehens	2
paper	task	1
paper	challeng	2
paper	present	2
paper	construct	1
paper	issu	2
support	show	1
support	method	1
support	graph	1
support	lack	1
support	keyword	1
support	nlp	1
support	solut	1
support	tool	1
support	extract	1
support	statist	1
support	languag	1
support	compet	1
support	elimin	1
support	document	1
support	filter	1
support	sophist	1
support	construct	1
scake	individu	1
scake	base	2
scake	graphbas	1
scake	parameterless	2
scake	method	2
scake	graph	2
scake	semant	2
scake	connect	2
scake	keyword	2
scake	nlp	1
scake	algorithm	1
scake	demonstr	1
scake	tool	1
scake	combin	2
scake	lead	2
scake	word	2
scake	extract	2
scake	superior	1
scake	languag	1
scake	lake	1
scake	propos	2
scake	avail	1
scake	document	2
scake	languageagnost	1
scake	sateoftheart	1
scake	score	2
scake	limit	1
scake	present	1
scake	construct	2
individu	base	2
individu	graphbas	2
individu	parameterless	1
individu	method	2
individu	graph	1
individu	semant	1
individu	connect	2
individu	keyword	2
individu	algorithm	2
individu	demonstr	2
individu	combin	1
individu	lead	1
individu	word	2
individu	extract	2
individu	superior	2
individu	propos	2
individu	concept	1
individu	document	1
individu	sateoftheart	2
individu	score	2
individu	construct	1
analysi	discuss	2
analysi	graphbas	2
analysi	parameterless	1
analysi	method	2
analysi	graph	1
analysi	text	2
analysi	keyword	2
analysi	contextu	1
analysi	relat	1
analysi	word	1
analysi	critic	2
analysi	extract	2
analysi	import	1
analysi	propos	1
analysi	comprehens	2
analysi	task	1
analysi	challeng	2
analysi	present	2
analysi	construct	1
analysi	issu	2
show	method	1
show	graph	1
show	lack	1
show	keyword	1
show	nlp	1
show	solut	1
show	tool	1
show	extract	1
show	statist	1
show	languag	1
show	compet	1
show	elimin	1
show	document	1
show	filter	1
show	sophist	1
show	construct	1
base	graphbas	2
base	parameterless	3
base	method	4
base	graph	3
base	text	1
base	semant	2
base	connect	4
base	keyword	3
base	nlp	1
base	algorithm	2
base	demonstr	2
base	tool	1
base	combin	2
base	contextu	1
base	lead	2
base	relat	1
base	word	4
base	extract	3
base	superior	2
base	languag	1
base	lake	1
base	propos	4
base	concept	2
base	avail	1
base	document	2
base	languageagnost	1
base	sateoftheart	2
base	score	4
base	limit	1
base	present	1
base	construct	3
discuss	graphbas	2
discuss	parameterless	1
discuss	method	2
discuss	graph	1
discuss	text	2
discuss	keyword	2
discuss	contextu	1
discuss	relat	1
discuss	word	1
discuss	critic	2
discuss	extract	2
discuss	import	1
discuss	propos	1
discuss	comprehens	2
discuss	task	1
discuss	challeng	2
discuss	present	2
discuss	construct	1
discuss	issu	2
graphbas	parameterless	2
graphbas	method	4
graphbas	graph	2
graphbas	text	2
graphbas	semant	1
graphbas	connect	2
graphbas	keyword	4
graphbas	algorithm	2
graphbas	demonstr	2
graphbas	combin	1
graphbas	contextu	1
graphbas	lead	1
graphbas	relat	1
graphbas	word	3
graphbas	critic	2
graphbas	extract	4
graphbas	superior	2
graphbas	import	1
graphbas	propos	3
graphbas	concept	1
graphbas	document	1
graphbas	comprehens	2
graphbas	sateoftheart	2
graphbas	score	2
graphbas	task	1
graphbas	challeng	2
graphbas	present	2
graphbas	construct	2
graphbas	issu	2
parameterless	method	4
parameterless	graph	4
parameterless	text	2
parameterless	semant	2
parameterless	connect	3
parameterless	keyword	3
parameterless	nlp	1
parameterless	algorithm	1
parameterless	demonstr	1
parameterless	tool	1
parameterless	combin	2
parameterless	contextu	2
parameterless	lead	2
parameterless	relat	2
parameterless	word	4
parameterless	critic	1
parameterless	extract	3
parameterless	superior	1
parameterless	languag	1
parameterless	lake	1
parameterless	propos	4
parameterless	concept	1
parameterless	avail	1
parameterless	document	2
parameterless	comprehens	1
parameterless	languageagnost	1
parameterless	sateoftheart	1
parameterless	score	3
parameterless	limit	1
parameterless	challeng	1
parameterless	present	2
parameterless	construct	4
parameterless	issu	1
method	graph	6
method	text	3
method	lack	1
method	semant	2
method	connect	4
method	keyword	7
method	nlp	3
method	solut	1
method	algorithm	2
method	demonstr	2
method	tool	3
method	combin	2
method	contextu	2
method	lead	2
method	relat	2
method	word	5
method	critic	2
method	extract	7
method	statist	2
method	superior	2
method	languag	3
method	import	1
method	compet	1
method	lake	2
method	propos	5
method	elimin	2
method	concept	2
method	avail	2
method	document	3
method	filter	2
method	sophist	1
method	comprehens	2
method	languageagnost	2
method	sateoftheart	2
method	score	4
method	limit	2
method	task	1
method	challeng	2
method	present	4
method	construct	6
method	issu	2
graph	text	2
graph	lack	1
graph	semant	2
graph	connect	3
graph	keyword	5
graph	nlp	3
graph	solut	1
graph	algorithm	1
graph	demonstr	1
graph	tool	3
graph	combin	2
graph	contextu	2
graph	lead	2
graph	relat	2
graph	word	4
graph	critic	1
graph	extract	5
graph	statist	2
graph	superior	1
graph	languag	3
graph	compet	1
graph	lake	2
graph	propos	4
graph	elimin	2
graph	concept	1
graph	avail	2
graph	document	3
graph	filter	2
graph	sophist	1
graph	comprehens	1
graph	languageagnost	2
graph	sateoftheart	1
graph	score	3
graph	limit	2
graph	challeng	1
graph	present	3
graph	construct	6
graph	issu	1
text	connect	1
text	keyword	2
text	contextu	2
text	relat	2
text	word	2
text	critic	2
text	extract	2
text	import	1
text	propos	2
text	concept	1
text	comprehens	2
text	score	1
text	task	1
text	challeng	2
text	present	2
text	construct	2
text	issu	2
lack	keyword	1
lack	nlp	1
lack	solut	1
lack	tool	1
lack	extract	1
lack	statist	1
lack	languag	1
lack	compet	1
lack	elimin	1
lack	document	1
lack	filter	1
lack	sophist	1
lack	construct	1
semant	connect	2
semant	keyword	2
semant	nlp	1
semant	algorithm	1
semant	demonstr	1
semant	tool	1
semant	combin	2
semant	lead	2
semant	word	2
semant	extract	2
semant	superior	1
semant	languag	1
semant	lake	1
semant	propos	2
semant	avail	1
semant	document	2
semant	languageagnost	1
semant	sateoftheart	1
semant	score	2
semant	limit	1
semant	present	1
semant	construct	2
connect	keyword	3
connect	nlp	1
connect	algorithm	2
connect	demonstr	2
connect	tool	1
connect	combin	2
connect	contextu	1
connect	lead	2
connect	relat	1
connect	word	4
connect	extract	3
connect	superior	2
connect	languag	1
connect	lake	1
connect	propos	4
connect	concept	2
connect	avail	1
connect	document	2
connect	languageagnost	1
connect	sateoftheart	2
connect	score	4
connect	limit	1
connect	present	1
connect	construct	3
keyword	nlp	3
keyword	solut	1
keyword	algorithm	2
keyword	demonstr	2
keyword	tool	3
keyword	combin	2
keyword	contextu	1
keyword	lead	2
keyword	relat	1
keyword	word	4
keyword	critic	2
keyword	extract	7
keyword	statist	2
keyword	superior	2
keyword	languag	3
keyword	import	1
keyword	compet	1
keyword	lake	2
keyword	propos	4
keyword	elimin	2
keyword	concept	1
keyword	avail	2
keyword	document	3
keyword	filter	2
keyword	sophist	1
keyword	comprehens	2
keyword	languageagnost	2
keyword	sateoftheart	2
keyword	score	3
keyword	limit	2
keyword	task	1
keyword	challeng	2
keyword	present	4
keyword	construct	5
keyword	issu	2
nlp	solut	1
nlp	tool	3
nlp	combin	1
nlp	lead	1
nlp	word	1
nlp	extract	3
nlp	statist	2
nlp	languag	3
nlp	compet	1
nlp	lake	2
nlp	propos	1
nlp	elimin	2
nlp	avail	2
nlp	document	2
nlp	filter	2
nlp	sophist	1
nlp	languageagnost	2
nlp	score	1
nlp	limit	2
nlp	present	2
nlp	construct	3
solut	tool	1
solut	extract	1
solut	statist	1
solut	languag	1
solut	compet	1
solut	elimin	1
solut	document	1
solut	filter	1
solut	sophist	1
solut	construct	1
algorithm	demonstr	2
algorithm	combin	1
algorithm	lead	1
algorithm	word	2
algorithm	extract	2
algorithm	superior	2
algorithm	propos	2
algorithm	concept	1
algorithm	document	1
algorithm	sateoftheart	2
algorithm	score	2
algorithm	construct	1
demonstr	combin	1
demonstr	lead	1
demonstr	word	2
demonstr	extract	2
demonstr	superior	2
demonstr	propos	2
demonstr	concept	1
demonstr	document	1
demonstr	sateoftheart	2
demonstr	score	2
demonstr	construct	1
tool	combin	1
tool	lead	1
tool	word	1
tool	extract	3
tool	statist	2
tool	languag	3
tool	compet	1
tool	lake	2
tool	propos	1
tool	elimin	2
tool	avail	2
tool	document	2
tool	filter	2
tool	sophist	1
tool	languageagnost	2
tool	score	1
tool	limit	2
tool	present	2
tool	construct	3
combin	lead	2
combin	word	2
combin	extract	2
combin	superior	1
combin	languag	1
combin	lake	1
combin	propos	2
combin	avail	1
combin	document	2
combin	languageagnost	1
combin	sateoftheart	1
combin	score	2
combin	limit	1
combin	present	1
combin	construct	2
contextu	relat	2
contextu	word	2
contextu	critic	1
contextu	extract	1
contextu	propos	2
contextu	concept	1
contextu	comprehens	1
contextu	score	1
contextu	challeng	1
contextu	present	1
contextu	construct	2
contextu	issu	1
lead	word	2
lead	extract	2
lead	superior	1
lead	languag	1
lead	lake	1
lead	propos	2
lead	avail	1
lead	document	2
lead	languageagnost	1
lead	sateoftheart	1
lead	score	2
lead	limit	1
lead	present	1
lead	construct	2
relat	word	2
relat	critic	1
relat	extract	1
relat	propos	2
relat	concept	1
relat	comprehens	1
relat	score	1
relat	challeng	1
relat	present	1
relat	construct	2
relat	issu	1
word	critic	1
word	extract	4
word	superior	2
word	languag	1
word	lake	1
word	propos	5
word	concept	2
word	avail	1
word	document	2
word	comprehens	1
word	languageagnost	1
word	sateoftheart	2
word	score	4
word	limit	1
word	challeng	1
word	present	2
word	construct	4
word	issu	1
critic	extract	2
critic	import	1
critic	propos	1
critic	comprehens	2
critic	task	1
critic	challeng	2
critic	present	2
critic	construct	1
critic	issu	2
extract	statist	2
extract	superior	2
extract	languag	3
extract	import	1
extract	compet	1
extract	lake	2
extract	propos	4
extract	elimin	2
extract	concept	1
extract	avail	2
extract	document	3
extract	filter	2
extract	sophist	1
extract	comprehens	2
extract	languageagnost	2
extract	sateoftheart	2
extract	score	3
extract	limit	2
extract	task	1
extract	challeng	2
extract	present	4
extract	construct	5
extract	issu	2
statist	languag	2
statist	compet	1
statist	lake	1
statist	elimin	2
statist	avail	1
statist	document	1
statist	filter	2
statist	sophist	1
statist	languageagnost	1
statist	limit	1
statist	present	1
statist	construct	2
superior	propos	2
superior	concept	1
superior	document	1
superior	sateoftheart	2
superior	score	2
superior	construct	1
languag	compet	1
languag	lake	2
languag	propos	1
languag	elimin	2
languag	avail	2
languag	document	2
languag	filter	2
languag	sophist	1
languag	languageagnost	2
languag	score	1
languag	limit	2
languag	present	2
languag	construct	3
import	comprehens	1
import	task	1
import	challeng	1
import	present	1
import	issu	1
compet	elimin	1
compet	document	1
compet	filter	1
compet	sophist	1
compet	construct	1
lake	propos	1
lake	elimin	1
lake	avail	2
lake	document	1
lake	filter	1
lake	languageagnost	2
lake	score	1
lake	limit	2
lake	present	2
lake	construct	2
propos	concept	2
propos	avail	1
propos	document	2
propos	comprehens	1
propos	languageagnost	1
propos	sateoftheart	2
propos	score	4
propos	limit	1
propos	challeng	1
propos	present	2
propos	construct	4
propos	issu	1
elimin	avail	1
elimin	document	1
elimin	filter	2
elimin	sophist	1
elimin	languageagnost	1
elimin	limit	1
elimin	present	1
elimin	construct	2
concept	sateoftheart	1
concept	score	2
concept	construct	1
avail	document	1
avail	filter	1
avail	languageagnost	2
avail	score	1
avail	limit	2
avail	present	2
avail	construct	2
document	filter	1
document	sophist	1
document	languageagnost	1
document	sateoftheart	1
document	score	2
document	limit	1
document	present	1
document	construct	3
filter	sophist	1
filter	languageagnost	1
filter	limit	1
filter	present	1
filter	construct	2
sophist	construct	1
comprehens	task	1
comprehens	challeng	2
comprehens	present	2
comprehens	construct	1
comprehens	issu	2
languageagnost	score	1
languageagnost	limit	2
languageagnost	present	2
languageagnost	construct	2
sateoftheart	score	2
sateoftheart	construct	1
score	limit	1
score	present	1
score	construct	3
limit	present	2
limit	construct	2
task	challeng	1
task	present	1
task	issu	1
challeng	present	2
challeng	construct	1
challeng	issu	2
present	construct	3
present	issu	2
construct	issu	1
